algorithm,dataset_type,size,rank_label,k,trial_count,median_time_seconds,mean_time_seconds,standard_deviation_seconds,minimum_time_seconds,maximum_time_seconds,comparisons,swaps,partition_calls,pivot_selections,recursive_calls,maximum_depth,groups_processed,small_group_sorts,status,error_message
Median of Medians,random,100,minimum,1,5,9.875000250758603e-05,9.926660131895915e-05,1.0110667695346487e-06,9.812500502448529e-05,0.0001009580009849742,772,367,16,16,18,6,57,57,completed,
Median of Medians,random,100,median,50,5,0.00010954200115520507,0.00011069200263591483,1.5966111151287976e-06,0.00010929200652753934,0.00011320900375721976,823,388,21,21,25,7,66,66,completed,
Median of Medians,random,100,p90,90,5,0.00010112499876413494,0.00010109179856954142,2.706660375074738e-07,0.00010062499495688826,0.00010137500066775829,753,358,19,19,24,7,59,59,completed,
Median of Medians,random,1000,minimum,1,5,0.0011525000008987263,0.0011537832004250958,5.826711303082527e-06,0.0011475829960545525,0.0011632919995463453,9174,5026,78,78,97,10,642,642,completed,
Median of Medians,random,1000,median,500,5,0.001204291998874396,0.0012066585986758582,5.873432692570424e-06,0.0011986249955953099,0.001215042000694666,9467,5456,84,84,99,10,656,656,completed,
Median of Medians,random,1000,p90,900,5,0.001166624999314081,0.0011680167997837998,5.928816407559555e-06,0.001161708998552058,0.0011787500043283217,9285,5318,70,70,84,10,639,639,completed,
Median of Medians,random,3500,minimum,1,5,0.004216458000882994,0.004228308200254105,2.0308530502126992e-05,0.004214458997012116,0.004267541000444908,33528,19652,172,172,210,11,2268,2268,completed,
Median of Medians,random,3500,median,1750,5,0.004125375002331566,0.004139433197269682,3.2866810828683716e-05,0.004110165995371062,0.004199291994154919,33214,18544,184,184,226,12,2310,2310,completed,
Median of Medians,random,3500,p90,3150,5,0.0042209579987684265,0.004230616401764564,2.2070116878531657e-05,0.004215749999275431,0.004274458005966153,33767,19318,191,191,234,12,2324,2324,completed,
Median of Medians,random,5000,minimum,1,5,0.006144457998743746,0.00614215020177653,1.8512782823017538e-05,0.006109166999522131,0.0061659170023631305,48696,28931,230,230,277,12,3299,3299,completed,
Median of Medians,random,5000,median,2500,5,0.00591795800573891,0.005920091601728928,1.5677401477453088e-05,0.005898959003388882,0.005947791003563907,47502,27621,198,198,237,12,3212,3212,completed,
Median of Medians,random,5000,p90,4500,5,0.005943667005340103,0.005952991801314056,2.627941883952945e-05,0.005931958003202453,0.0060048339946661144,47348,27767,225,225,275,13,3246,3246,completed,
Median of Medians,random,7000,minimum,1,5,0.008347875002073124,0.008332958401297219,3.671099132531882e-05,0.008274083003925625,0.00837758400302846,67169,38040,273,273,334,13,4517,4517,completed,
Median of Medians,random,7000,median,3500,5,0.008502042001055088,0.008507833599287551,6.159871973385124e-05,0.008433916998910718,0.008582292000937741,68337,38396,303,303,371,13,4629,4629,completed,
Median of Medians,random,7000,p90,6300,5,0.00828650000039488,0.008295200200518594,4.1116979277401165e-05,0.008247042002039962,0.008371749994694255,67182,35948,296,296,367,12,4578,4578,completed,
Median of Medians,random,10000,minimum,1,5,0.012257916998350993,0.012259958597132936,4.0594036012298474e-05,0.012211207998916507,0.012333374994341284,96526,56115,361,361,441,14,6485,6485,completed,
Median of Medians,random,10000,median,5000,5,0.011935374997847248,0.011951633400167338,5.160025440861059e-05,0.011908917003893293,0.012052917001710739,96701,54406,341,341,412,14,6536,6536,completed,
Median of Medians,random,10000,p90,9000,5,0.012009541998850182,0.01198202499654144,5.348680789919065e-05,0.011890249996213242,0.012028583994833753,96048,54759,353,353,431,13,6527,6527,completed,
Median of Medians,sorted,100,minimum,1,5,9.137499728240073e-05,9.141659975284711e-05,1.3193226887015153e-07,9.12910036277026e-05,9.166700328933075e-05,714,106,27,27,30,8,76,76,completed,
Median of Medians,sorted,100,median,50,5,7.175000064307824e-05,7.195020152721554e-05,8.056172293585718e-07,7.120900409063324e-05,7.345800258917734e-05,601,106,17,17,19,6,59,59,completed,
Median of Medians,sorted,100,p90,90,5,7.679199916310608e-05,7.686699973419309e-05,1.8882717655024394e-07,7.666699821129441e-05,7.71670020185411e-05,634,143,19,19,21,6,60,60,completed,
Median of Medians,sorted,1000,minimum,1,5,0.0007398750021820888,0.0007390414015389979,3.2560549494396533e-06,0.0007347499995375983,0.0007430410041706637,7085,1386,91,91,108,11,662,662,completed,
Median of Medians,sorted,1000,median,500,5,0.0007155420025810599,0.000714541798515711,2.480027499175987e-06,0.0007102919989847578,0.0007176669969339855,6821,1388,78,78,94,10,627,627,completed,
Median of Medians,sorted,1000,p90,900,5,0.0007480830026906915,0.0007488500006729737,2.255608812868062e-06,0.0007455840022885241,0.0007516249970649369,7035,1519,87,87,104,10,642,642,completed,
Median of Medians,sorted,3500,minimum,1,5,0.002558500003942754,0.00256247500074096,1.2557467716273826e-05,0.0025476250011706725,0.002584750000096392,25309,5236,198,198,241,13,2290,2290,completed,
Median of Medians,sorted,3500,median,1750,5,0.002491250001185108,0.0024901331998989917,9.051334182777481e-06,0.0024803749984130263,0.002504791002138518,24552,5188,171,171,208,12,2205,2205,completed,
Median of Medians,sorted,3500,p90,3150,5,0.0025746669998625293,0.002579666599922348,1.44877636073666e-05,0.002566125003795605,0.0026073749977513216,25281,5477,188,188,228,12,2267,2267,completed,
Median of Medians,sorted,5000,minimum,1,5,0.00359158400533488,0.0035977168023237026,1.5549937462925525e-05,0.003580875003535766,0.003620542003773153,36049,7519,220,220,265,13,3241,3241,completed,
Median of Medians,sorted,5000,median,2500,5,0.0035389999975450337,0.0035402415989665313,1.1730228460388334e-05,0.003526374995999504,0.0035555829963414,35491,7508,198,198,236,11,3172,3172,completed,
Median of Medians,sorted,5000,p90,4500,5,0.003642042000137735,0.003648333401361015,1.5376159247008643e-05,0.0036320409999461845,0.0036768750069313683,36266,7844,222,222,265,12,3240,3240,completed,
Median of Medians,sorted,7000,minimum,1,5,0.005083541997009888,0.005100450202007778,3.094941133083289e-05,0.005075375003798399,0.005160000000614673,51086,10743,297,297,356,14,4574,4574,completed,
Median of Medians,sorted,7000,median,3500,5,0.004999458004022017,0.005006949999369681,1.5538119390811662e-05,0.004990959001588635,0.005029291998653207,50237,10683,270,270,323,13,4480,4480,completed,
Median of Medians,sorted,7000,p90,6300,5,0.005080541995994281,0.005083966799429618,1.3966462151690582e-05,0.005065874996944331,0.005101833005028311,50874,10993,281,281,335,13,4531,4531,completed,
Median of Medians,sorted,10000,minimum,1,5,0.007380916002148297,0.007378641398099716,0.00012779163972646623,0.007233958000142593,0.007563749997643754,73162,15448,351,351,421,14,6525,6525,completed,
Median of Medians,sorted,10000,median,5000,5,0.007187125003838446,0.007269658600853291,0.00014288121569108357,0.007139334004023112,0.007528916998126078,72586,15449,329,329,393,13,6452,6452,completed,
Median of Medians,sorted,10000,p90,9000,5,0.007306416999199428,0.007307566798408516,2.200620497450816e-05,0.00727500000357395,0.007336041999224108,73511,15872,358,358,429,13,6531,6531,completed,
Median of Medians,reverse_sorted,100,minimum,1,5,0.0001340829985565506,0.0001340499977231957,5.093250975297316e-07,0.0001331249950453639,0.0001346669960184954,941,489,27,27,30,8,76,76,completed,
Median of Medians,reverse_sorted,100,median,50,5,0.00011579100100789219,0.0001166998001281172,1.7832075973764245e-06,0.0001156250000349246,0.00012025000614812598,839,501,18,18,21,6,60,60,completed,
Median of Medians,reverse_sorted,100,p90,90,5,0.00010874999861698598,0.00010881640046136453,1.4089920789964752e-07,0.00010870800178963691,0.00010908300464507192,782,441,19,19,22,6,58,58,completed,
Median of Medians,reverse_sorted,1000,minimum,1,5,0.0011870000016642734,0.001186266800505109,1.0797229600312646e-05,0.0011739170004148036,0.0012000839997199364,9325,5165,89,89,105,11,659,659,completed,
Median of Medians,reverse_sorted,1000,median,500,5,0.0011573750016395934,0.0011554584008990787,8.709794652581622e-06,0.0011443340044934303,0.0011656249989755452,9055,5179,74,74,88,9,621,621,completed,
Median of Medians,reverse_sorted,1000,p90,900,5,0.0011436669956310652,0.0011434665982960723,2.28038026768833e-06,0.0011392910018912517,0.0011457079963292927,9128,4860,86,86,104,11,638,638,completed,
Median of Medians,reverse_sorted,3500,minimum,1,5,0.0041421660062042065,0.0041439082036959,1.6691980185762234e-05,0.00411716600501677,0.004164209000009578,33195,18392,198,198,243,13,2290,2290,completed,
Median of Medians,reverse_sorted,3500,median,1750,5,0.004050957999425009,0.004058449799777009,1.1287904171568807e-05,0.004048832997796126,0.004077458004758228,32447,18355,171,171,210,12,2205,2205,completed,
Median of Medians,reverse_sorted,3500,p90,3150,5,0.003974958002800122,0.003983866400085389,1.3625710464386045e-05,0.003971250000176951,0.004006832998129539,32606,17192,184,184,222,13,2244,2244,completed,
Median of Medians,reverse_sorted,5000,minimum,1,5,0.005849916997249238,0.005846591998124495,2.09727518678157e-05,0.005821208993438631,0.005870291999599431,47306,26319,219,219,263,13,3239,3239,completed,
Median of Medians,reverse_sorted,5000,median,2500,5,0.005805082997540012,0.005804099801753182,2.26846263235519e-05,0.005775791003543418,0.005838291006512009,46758,26319,197,197,234,11,3170,3170,completed,
Median of Medians,reverse_sorted,5000,p90,4500,5,0.005681165996065829,0.005677458200079854,1.327908028578828e-05,0.005656083005305845,0.005690582998795435,47015,24678,218,218,262,13,3230,3230,completed,
Median of Medians,reverse_sorted,7000,minimum,1,5,0.008219582996389363,0.00828449980035657,0.00012538315026076736,0.008198625000659376,0.008531833002052736,66657,36950,289,289,346,14,4557,4557,completed,
Median of Medians,reverse_sorted,7000,median,3500,5,0.008159125005477108,0.008159050199901685,1.6960842355164913e-05,0.008133834002364893,0.008187166997231543,65817,36901,262,262,313,13,4463,4463,completed,
Median of Medians,reverse_sorted,7000,p90,6300,5,0.007944457996927667,0.007953408399771433,3.430866575635759e-05,0.007916292001027614,0.008017459003895056,65752,34466,268,268,319,13,4502,4502,completed,
Median of Medians,reverse_sorted,10000,minimum,1,5,0.011750582998502068,0.011758175199793186,2.8216571687421326e-05,0.011720667003828567,0.011791375000029802,95625,52966,348,348,417,14,6520,6520,completed,
Median of Medians,reverse_sorted,10000,median,5000,5,0.0117421250033658,0.011733208401710726,2.6423550230535892e-05,0.011685500001476612,0.011764291004510596,95059,52978,326,326,389,13,6447,6447,completed,
Median of Medians,reverse_sorted,10000,p90,9000,5,0.011453625003923662,0.011448525000014342,2.6201796520322652e-05,0.011405874996853527,0.011480542001663707,95183,49559,358,358,428,15,6528,6528,completed,
Median of Medians,repeated_values,100,minimum,1,5,9.154200233751908e-05,9.235020115738735e-05,1.7769761417837584e-06,9.108400263357908e-05,9.587499516783282e-05,769,304,15,15,15,6,64,64,completed,
Median of Medians,repeated_values,100,median,50,5,6.104099884396419e-05,6.1016398831270635e-05,7.712275907972284e-08,6.0874997870996594e-05,6.108300294727087e-05,525,225,7,7,7,4,44,44,completed,
Median of Medians,repeated_values,100,p90,90,5,4.712500231107697e-05,4.717519914265722e-05,8.933019060861234e-08,4.708299820777029e-05,4.7333996917586774e-05,390,128,9,9,9,4,35,35,completed,
Median of Medians,repeated_values,1000,minimum,1,5,0.0008326249953825027,0.0008336915998370387,4.13599473282426e-06,0.0008289999968837947,0.0008407909990637563,7724,3394,21,21,23,8,605,605,completed,
Median of Medians,repeated_values,1000,median,500,5,0.0005924169963691384,0.0005919417992117815,2.55723758326543e-06,0.0005888329978915863,0.0005958330002613366,5259,2451,10,10,11,6,428,428,completed,
Median of Medians,repeated_values,1000,p90,900,5,0.00042099999700440094,0.0004214081985992379,1.8228140024442897e-06,0.0004195000001345761,0.0004248749974067323,3843,1423,12,12,14,6,327,327,completed,
Median of Medians,repeated_values,3500,minimum,1,5,0.0029740419995505363,0.002978433399403002,2.31010239628237e-05,0.0029510829990613274,0.0030197500018402934,27092,12007,25,25,26,8,2107,2107,completed,
Median of Medians,repeated_values,3500,median,1750,5,0.002110333000018727,0.002116116799879819,1.0216956968813109e-05,0.002105957995809149,0.002133166999556124,18405,8636,11,11,12,7,1490,1490,completed,
Median of Medians,repeated_values,3500,p90,3150,5,0.0014746669985470362,0.0014770081994356587,5.755987172310213e-06,0.0014709579991176724,0.0014875420019961894,13472,5044,15,15,17,7,1142,1142,completed,
Median of Medians,repeated_values,5000,minimum,1,5,0.004235041997162625,0.004243341799883638,1.4693845289357185e-05,0.004227165998599958,0.004267459000402596,38682,17147,26,26,27,8,3005,3005,completed,
Median of Medians,repeated_values,5000,median,2500,5,0.003017707997059915,0.00302221659803763,1.4749430039869123e-05,0.003010041000379715,0.003050666993658524,26293,12346,12,12,13,7,2128,2128,completed,
Median of Medians,repeated_values,5000,p90,4500,5,0.0021116669959155843,0.002116433398623485,1.5760148864830563e-05,0.002103999999235384,0.002147207997040823,19243,7218,15,15,17,7,1627,1627,completed,
Median of Medians,repeated_values,7000,minimum,1,5,0.005946332996245474,0.005953033201512881,1.339694779438154e-05,0.005938833004620392,0.00597254100284772,54214,24062,29,29,29,9,4212,4212,completed,
Median of Medians,repeated_values,7000,median,3500,5,0.004258916997059714,0.0042545165997580625,1.74049174226637e-05,0.004233709005347919,0.004278958003851585,36841,17300,14,14,14,7,2982,2982,completed,
Median of Medians,repeated_values,7000,p90,6300,5,0.002965166000649333,0.0029706250003073364,1.0971019634848232e-05,0.0029600420020869933,0.0029861250004614703,27006,10124,20,20,20,7,2287,2287,completed,
Median of Medians,repeated_values,10000,minimum,1,5,0.008530832994438242,0.008530233199417125,1.656413499834385e-05,0.008499832998495549,0.008547249999537598,77473,34464,29,29,29,9,6008,6008,completed,
Median of Medians,repeated_values,10000,median,5000,5,0.006091082999773789,0.006105499800469261,4.183009642766022e-05,0.006043125002179295,0.0061550000027637,52594,24721,13,13,13,7,4254,4254,completed,
Median of Medians,repeated_values,10000,p90,9000,5,0.004244291005306877,0.004242183199676219,1.2712045261328212e-05,0.004224707998218946,0.004261624999344349,38509,14469,18,18,18,7,3255,3255,completed,
Randomized Quickselect,random,100,minimum,1,5,3.504200140014291e-05,3.511679969960824e-05,2.534065275613053e-07,3.4874996345024556e-05,3.554200520738959e-05,258,140,5,5,5,5,0,0,completed,
Randomized Quickselect,random,100,median,50,5,6.779199611628428e-05,6.86585990479216e-05,1.6834319306411847e-06,6.762499833712354e-05,7.200000254670158e-05,674,293,10,10,10,10,0,0,completed,
Randomized Quickselect,random,100,p90,90,5,3.804199513979256e-05,3.8133197813294827e-05,3.0552853210303995e-07,3.7790996429976076e-05,3.870799992000684e-05,318,147,5,5,5,5,0,0,completed,
Randomized Quickselect,random,1000,minimum,1,5,0.0003240830046706833,0.0003231750015402213,4.8477593712327796e-06,0.0003161249987897463,0.00032970900065265596,3128,1630,9,9,9,9,0,0,completed,
Randomized Quickselect,random,1000,median,500,5,0.0004309170035412535,0.0004357000012532808,9.087670297581195e-06,0.0004297909981687553,0.00045362500532064587,4783,2379,11,11,11,11,0,0,completed,
Randomized Quickselect,random,1000,p90,900,5,0.00031437500001629815,0.0003164995985571295,4.093889641989848e-06,0.00031404099718201905,0.00032462499802932143,3138,1621,8,8,8,8,0,0,completed,
Randomized Quickselect,random,3500,minimum,1,5,0.000997707997157704,0.0009942749995389022,1.8176248566166822e-05,0.0009735839994391426,0.0010233749999315478,9990,4828,9,9,10,10,0,0,completed,
Randomized Quickselect,random,3500,median,1750,5,0.0012562909978441894,0.0012623749993508683,1.182683467814629e-05,0.001251041001523845,0.0012827500031562522,13236,5507,12,12,13,13,0,0,completed,
Randomized Quickselect,random,3500,p90,3150,5,0.0009818749967962503,0.000987391802482307,1.2177134495180655e-05,0.0009782500055735,0.0010111670053447597,9553,4831,10,10,10,10,0,0,completed,
Randomized Quickselect,random,5000,minimum,1,5,0.0013958330018795095,0.0013928915999713355,3.2849785963750913e-05,0.001357124994683545,0.0014469580055447295,13668,7506,10,10,11,11,0,0,completed,
Randomized Quickselect,random,5000,median,2500,5,0.0021509590005734935,0.0021654334006598218,2.9697974622909915e-05,0.002147374994819984,0.002224500000011176,20550,12722,10,10,10,10,0,0,completed,
Randomized Quickselect,random,5000,p90,4500,5,0.001383916001941543,0.001386783599446062,1.5106782667820623e-05,0.00136920899967663,0.0014147920010145754,13358,5523,15,15,15,15,0,0,completed,
Randomized Quickselect,random,7000,minimum,1,5,0.0023959169993759133,0.0024081249997834676,5.7462262621792904e-05,0.002348916998016648,0.0025019579989020713,23153,13805,9,9,9,9,0,0,completed,
Randomized Quickselect,random,7000,median,3500,5,0.0030463340008282103,0.003063983602623921,4.170450544586682e-05,0.00302137499966193,0.0031157090052147396,34856,17802,18,18,18,18,0,0,completed,
Randomized Quickselect,random,7000,p90,6300,5,0.0030691670035594143,0.0030640336000942623,4.1084861262189376e-05,0.003002083998580929,0.003111541998805478,30449,17418,12,12,13,13,0,0,completed,
Randomized Quickselect,random,10000,minimum,1,5,0.0024442909998469986,0.0024378913993132302,5.3218628446309225e-05,0.0023751249973429367,0.0025229579987353645,24763,13101,11,11,11,11,0,0,completed,
Randomized Quickselect,random,10000,median,5000,5,0.0034267500013811514,0.003449791797902435,5.596236997086962e-05,0.003409500000998378,0.003560874996765051,35750,18666,12,12,13,13,0,0,completed,
Randomized Quickselect,random,10000,p90,9000,5,0.004760084004374221,0.0047748584009241314,4.862992418474702e-05,0.004733165995276067,0.00486970799829578,54614,29266,26,26,27,27,0,0,completed,
Randomized Quickselect,sorted,100,minimum,1,5,2.8999995265621692e-05,2.9033000464551152e-05,1.7782756287612035e-07,2.8791000659111887e-05,2.9292001272551715e-05,221,92,4,4,5,5,0,0,completed,
Randomized Quickselect,sorted,100,median,50,5,5.1875002100132406e-05,5.193320394027978e-05,1.0413174253586879e-07,5.183300527278334e-05,5.212500400375575e-05,517,128,7,7,7,7,0,0,completed,
Randomized Quickselect,sorted,100,p90,90,5,3.479099541436881e-05,3.476659912848845e-05,9.688145927202839e-08,3.462500171735883e-05,3.4916003642138094e-05,244,46,8,8,8,8,0,0,completed,
Randomized Quickselect,sorted,1000,minimum,1,5,0.0002349580026930198,0.00023519980022683739,1.5701465744237955e-06,0.0002334160017198883,0.00023799999326001853,2569,983,9,9,9,9,0,0,completed,
Randomized Quickselect,sorted,1000,median,500,5,0.00043320799886714667,0.0004339500010246411,1.998693645268611e-06,0.0004318749997764826,0.00043670900049619377,5267,1892,17,17,17,17,0,0,completed,
Randomized Quickselect,sorted,1000,p90,900,5,0.0003076670036534779,0.0003084252020926215,1.2300911971787759e-06,0.0003070840029977262,0.00031029200181365013,3519,1188,10,10,10,10,0,0,completed,
Randomized Quickselect,sorted,3500,minimum,1,5,0.0007565420019091107,0.0007613915993715636,1.0357059621162785e-05,0.0007547919958597049,0.000782041999627836,8450,3483,8,8,9,9,0,0,completed,
Randomized Quickselect,sorted,3500,median,1750,5,0.0008818329952191561,0.000884166598552838,6.73990419000683e-06,0.0008796670008450747,0.0008975000018835999,9623,2684,20,20,20,20,0,0,completed,
Randomized Quickselect,sorted,3500,p90,3150,5,0.0013998340000398457,0.0013995834029628894,1.1944892868461913e-06,0.0013974590037832968,0.001401041001372505,16953,4839,13,13,14,14,0,0,completed,
Randomized Quickselect,sorted,5000,minimum,1,5,0.0010370000018156134,0.0010433079994982108,1.4382849160589796e-05,0.001033290995110292,0.0010719159981817938,11632,4992,4,4,4,4,0,0,completed,
Randomized Quickselect,sorted,5000,median,2500,5,0.0026468340001883917,0.00265042499959236,1.1127280329288429e-05,0.002640750004502479,0.0026721249960246496,32660,8064,21,21,22,22,0,0,completed,
Randomized Quickselect,sorted,5000,p90,4500,5,0.0009360420008306392,0.0009399334012414329,7.887539256894114e-06,0.0009358750030514784,0.0009557080047670752,9190,1928,11,11,11,11,0,0,completed,
Randomized Quickselect,sorted,7000,minimum,1,5,0.0022067079989938065,0.002212433198292274,1.0146359417330773e-05,0.0022048749960958958,0.0022317910043057054,25840,6974,13,13,14,14,0,0,completed,
Randomized Quickselect,sorted,7000,median,3500,5,0.0021937499986961484,0.0021993163987644947,1.255442744875345e-05,0.0021905829999013804,0.0022242909981287085,26499,10040,16,16,16,16,0,0,completed,
Randomized Quickselect,sorted,7000,p90,6300,5,0.0032929160006460734,0.0032993747998261826,1.0152353668169109e-05,0.003290000000561122,0.0033170000024256296,42935,17708,13,13,14,14,0,0,completed,
Randomized Quickselect,sorted,10000,minimum,1,5,0.002016166996327229,0.002028350398177281,1.7979916641808754e-05,0.0020112920028623194,0.0020535840012598783,22537,9979,10,10,11,11,0,0,completed,
Randomized Quickselect,sorted,10000,median,5000,5,0.005327000006218441,0.005321500002173707,1.7921251244781066e-05,0.005298417003359646,0.0053416250011650845,69724,28269,14,14,14,14,0,0,completed,
Randomized Quickselect,sorted,10000,p90,9000,5,0.0037967919997754507,0.0037932835999527014,5.523100965394816e-06,0.0037830419969395734,0.0037976669991621748,47257,18309,19,19,19,19,0,0,completed,
Randomized Quickselect,reverse_sorted,100,minimum,1,5,4.329100192990154e-05,4.427499807206914e-05,1.4859577421775206e-06,4.304199683247134e-05,4.679199628299102e-05,365,83,9,9,10,10,0,0,completed,
Randomized Quickselect,reverse_sorted,100,median,50,5,4.141700628679246e-05,4.143340192968026e-05,1.357033724731893e-07,4.124999395571649e-05,4.166600410826504e-05,339,104,6,6,6,6,0,0,completed,
Randomized Quickselect,reverse_sorted,100,p90,90,5,3.825000021606684e-05,3.824180021183565e-05,1.6137467854834245e-07,3.804099833359942e-05,3.8459002098534256e-05,334,118,6,6,6,6,0,0,completed,
Randomized Quickselect,reverse_sorted,1000,minimum,1,5,0.0002950409980257973,0.00029307479999260975,2.9058438776585715e-06,0.0002891249969252385,0.0002957500037155114,3314,1021,9,9,10,10,0,0,completed,
Randomized Quickselect,reverse_sorted,1000,median,500,5,0.0005987080003251322,0.0006060249987058341,1.3452649241017368e-05,0.000593415999901481,0.0006240840011741966,6901,3303,15,15,16,16,0,0,completed,
Randomized Quickselect,reverse_sorted,1000,p90,900,5,0.0002859579981304705,0.0002875582023989409,2.1653893142536407e-06,0.00028575000033015385,0.00029112500487826765,3287,1179,7,7,7,7,0,0,completed,
Randomized Quickselect,reverse_sorted,3500,minimum,1,5,0.0007910409985925071,0.0008007493990589865,1.3763195528521288e-05,0.0007884160004323348,0.0008195409973268397,8843,3484,9,9,10,10,0,0,completed,
Randomized Quickselect,reverse_sorted,3500,median,1750,5,0.0014362080037244596,0.0014402250017155893,8.979482615893863e-06,0.001432917000784073,0.0014578750051441602,17516,5905,13,13,13,13,0,0,completed,
Randomized Quickselect,reverse_sorted,3500,p90,3150,5,0.0009447080010431819,0.0009472083969740197,4.858402768988243e-06,0.0009420419955858961,0.0009544169952278025,9833,4574,7,7,7,7,0,0,completed,
Randomized Quickselect,reverse_sorted,5000,minimum,1,5,0.0014288749953266233,0.0014368916003149935,1.9442111405783197e-05,0.0014222500030882657,0.0014753750001545995,15356,7424,7,7,7,7,0,0,completed,
Randomized Quickselect,reverse_sorted,5000,median,2500,5,0.0022047500024200417,0.0022126499985461122,1.3980522428888568e-05,0.002199333997850772,0.0022357079942594282,27014,8742,13,13,14,14,0,0,completed,
Randomized Quickselect,reverse_sorted,5000,p90,4500,5,0.001268959000299219,0.0012698834034381434,4.492687602204468e-06,0.0012627080068341456,0.0012749580055242404,12993,5625,15,15,15,15,0,0,completed,
Randomized Quickselect,reverse_sorted,7000,minimum,1,5,0.0026332079942221753,0.002632191799057182,1.6449609806037576e-05,0.0026137919994653203,0.002656165997905191,28249,12579,14,14,15,15,0,0,completed,
Randomized Quickselect,reverse_sorted,7000,median,3500,5,0.002887082999222912,0.0028885250008897855,3.2368270455617284e-06,0.0028851670067524537,0.0028941249984200113,33177,15338,10,10,10,10,0,0,completed,
Randomized Quickselect,reverse_sorted,7000,p90,6300,5,0.002481458999682218,0.0024850916001014412,6.872456435535647e-06,0.0024794159980956465,0.0024983330004033633,29410,8092,17,17,17,17,0,0,completed,
Randomized Quickselect,reverse_sorted,10000,minimum,1,5,0.003125999995972961,0.003127966598549392,1.688592895951997e-05,0.003109457997197751,0.0031539170013274997,34058,14291,15,15,16,16,0,0,completed,
Randomized Quickselect,reverse_sorted,10000,median,5000,5,0.006549249999807216,0.006533916598709766,3.409164520169743e-05,0.006482833996415138,0.006575790997885633,79236,31475,17,17,18,18,0,0,completed,
Randomized Quickselect,reverse_sorted,10000,p90,9000,5,0.003171791999193374,0.00317511659959564,1.529862283419972e-05,0.003154957994411234,0.0031971249991329387,35820,16716,15,15,15,15,0,0,completed,
Randomized Quickselect,repeated_values,100,minimum,1,5,3.2500000088475645e-05,3.207520057912916e-05,9.543888656761155e-07,3.0625000363215804e-05,3.308399755042046e-05,250,114,3,3,3,3,0,0,completed,
Randomized Quickselect,repeated_values,100,median,50,5,3.304100391687825e-05,3.311680047772825e-05,1.8917034812343338e-07,3.2916999771259725e-05,3.345900040585548e-05,310,147,2,2,2,2,0,0,completed,
Randomized Quickselect,repeated_values,100,p90,90,5,3.3166004868689924e-05,3.314980131108314e-05,1.3584722890212402e-07,3.295799979241565e-05,3.333299537189305e-05,270,122,4,4,4,4,0,0,completed,
Randomized Quickselect,repeated_values,1000,minimum,1,5,0.0003389170014997944,0.00034049139940179886,2.256221310725378e-06,0.00033849999454105273,0.0003436659972066991,3400,2084,3,3,3,3,0,0,completed,
Randomized Quickselect,repeated_values,1000,median,500,5,0.00036370899761095643,0.00036471679923124614,2.238261767978201e-06,0.0003633329979493283,0.0003691669990075752,4000,2086,5,5,5,5,0,0,completed,
Randomized Quickselect,repeated_values,1000,p90,900,5,0.0003283749974798411,0.0003294334019301459,2.166454298728169e-06,0.000327833004121203,0.00033366600109729916,3900,1793,4,4,4,4,0,0,completed,
Randomized Quickselect,repeated_values,3500,minimum,1,5,0.0011878330042236485,0.0011883166007464752,1.091423288904612e-05,0.0011769579941756092,0.001207375004014466,12250,6984,5,5,5,5,0,0,completed,
Randomized Quickselect,repeated_values,3500,median,1750,5,0.001421625005605165,0.001426608202746138,1.0044330538641607e-05,0.0014174160023685545,0.0014452079994953237,17150,8389,5,5,5,5,0,0,completed,
Randomized Quickselect,repeated_values,3500,p90,3150,5,0.000928000001295004,0.000931233202572912,6.163563762224839e-06,0.0009233750024577603,0.0009388750040670857,9800,4894,3,3,3,3,0,0,completed,
Randomized Quickselect,repeated_values,5000,minimum,1,5,0.0010236250018351711,0.0010251250001601874,8.513486447598836e-06,0.0010167920045205392,0.0010407079971628264,11500,4997,3,3,3,3,0,0,completed,
Randomized Quickselect,repeated_values,5000,median,2500,5,0.0013825419955537654,0.0013871584000298754,7.178491368634495e-06,0.001380291003442835,0.0013995420013088733,14000,7490,4,4,4,4,0,0,completed,
Randomized Quickselect,repeated_values,5000,p90,4500,5,0.0012622920039575547,0.0012618834007298574,2.653719119433731e-06,0.001258125004824251,0.0012660829961532727,13500,6492,4,4,4,4,0,0,completed,
Randomized Quickselect,repeated_values,7000,minimum,1,5,0.002289417003339622,0.002297208399977535,1.259040020717098e-05,0.0022857500007376075,0.002319332998013124,23100,13985,3,3,3,3,0,0,completed,
Randomized Quickselect,repeated_values,7000,median,3500,5,0.0025342089938931167,0.0025330667980597355,2.3597172818289335e-06,0.002529416997276712,0.0025358749990118667,29400,14693,5,5,5,5,0,0,completed,
Randomized Quickselect,repeated_values,7000,p90,6300,5,0.002434666996123269,0.002450866399158258,2.1093886573994912e-05,0.002433749999909196,0.0024834159994497895,24500,14683,4,4,4,4,0,0,completed,
Randomized Quickselect,repeated_values,10000,minimum,1,5,0.0026433329985593446,0.0026475002014194615,1.561589746298163e-05,0.002633125004649628,0.0026768340030685067,28000,13991,4,4,4,4,0,0,completed,
Randomized Quickselect,repeated_values,10000,median,5000,5,0.0052856249967589974,0.005289083199750166,8.994312865184264e-06,0.005278791002638172,0.005305291997501627,61000,33983,6,6,6,6,0,0,completed,
Randomized Quickselect,repeated_values,10000,p90,9000,5,0.004169457999523729,0.004169499999261461,4.483288541739195e-06,0.004164083999057766,0.0041761669999687,54000,23994,6,6,6,6,0,0,completed,
